{"cameraMode":{"drawMode":0,"name":"Shaded","section":"Shading Mode"},"sceneLighting":true,"audioPlay":false,"sceneViewState":{"showFog":true,"showMaterialUpdate":false,"showSkybox":true,"showFlares":true,"showImageEffects":true,"showParticleSystems":true},"in2DMode":false,"pivot":{"x":1.1679922342300416,"y":1.7590302228927613,"z":0.35293498635292055},"rotation":{"x":0.11638151854276657,"y":-0.10557513684034348,"z":0.012438729405403138,"w":0.9875268936157227},"size":8.739755630493164,"orthographic":true}