{"cameraMode":{"drawMode":0,"name":"Shaded","section":"Shading Mode"},"sceneLighting":true,"audioPlay":false,"sceneViewState":{"showFog":true,"showMaterialUpdate":false,"showSkybox":true,"showFlares":true,"showImageEffects":true,"showParticleSystems":true},"in2DMode":false,"pivot":{"x":-4.228759765625,"y":2.12548828125,"z":2.4736328125},"rotation":{"x":0.10805721580982208,"y":-0.0283321775496006,"z":0.0030906640458852054,"w":0.9937674403190613},"size":4.147572040557861,"orthographic":true}