{"cameraMode":{"drawMode":0,"name":"Shaded","section":"Shading Mode"},"sceneLighting":true,"audioPlay":false,"sceneViewState":{"showFog":true,"showMaterialUpdate":false,"showSkybox":true,"showFlares":true,"showImageEffects":true,"showParticleSystems":true},"in2DMode":false,"pivot":{"x":-3.309999942779541,"y":1.059999942779541,"z":2.3499999046325685},"rotation":{"x":0.11638151854276657,"y":-0.10557513684034348,"z":0.012438729405403138,"w":0.9875268936157227},"size":1.0792251825332642,"orthographic":true}